"ID_PERSON";"ID_WIKIDATA";"ID_IMDB";"ID_WIKIDATA_PERSON";"ID_TMDB_WIKIDATA";"NAME";"ADULT";"ID_PERSON_ERASE_WIKIDATA_ID"
"1691";"Q11398993";"nm0441394";"1691";"";"Shunzo Kato";"0";NULL
"21420";"Q138794645";"nm0402763";"21420";"";"Clark Hunter";"0";NULL
"29654";"Q1209793";"nm0004615";"29654";"";"Dick Smith";"0";NULL
"46314";"Q135983768";"nm2669453";"46314";"";"Jörg Purschke";"0";NULL
"46315";"Q132127567";"nm2680930";"46315";"";"Toshko Savov";"0";NULL
"46464";"Q138799972";"nm0398495";"46464";"";"Elizabeth Hoytink";"0";NULL
"46609";"Q3430982";"nm0500377";"42057";"";"Ted Leighton";"0";"42057"
"46966";"Q131929553";"nm0354443";"46966";"";"Alex Hajdu";"0";NULL
"48294";"Q132127565";"nm2696344";"48294";"";"Goran Rakonjac";"0";NULL
"48301";"Q132127570";"nm2867034";"48301";"";"Chris Wilpert";"0";NULL
"49804";"Q95225599";"nm0469438";"49804";"";"Erik Krambeck";"0";NULL
"55292";"Q133364264";"nm1666152";"55292";"";"Kolja Raschke";"0";NULL
"58280";"Q132197229";"nm0205893";"58280";"";"Agi Ariunsaichan Dawaachu";"0";NULL
"63422";"Q15838501";"nm0494628";"63422";"";"Philippe Le Sourd";"0";NULL
"72216";"Q95225545";"nm2002285";"72216";"";"Lucien Le Rest";"0";NULL
"72589";"Q5052767";"nm0445594";"72589";"";"Catherine Keller";"0";NULL
"80677";"Q2474811";"nm1124954";"153950";"";"Brian Roberts";"0";"153950"
"81143";"Q138706758";"nm0703223";"81143";"";"Alexis Quentin";"0";NULL
"89117";"Q77034";"nm1364729";"0";"";"Paul van Dyk";"0";NULL
"91198";"Q138894641";"nm0024754";"91198";"";"Totty Ames";"0";NULL
"96829";"Q138657800";"nm1266619";"96829";"";"Marianne Mørk Larsen";"0";NULL
"101101";"Q516634";"nm0071531";"73623";"";"Carol Bennet";"0";"73623"
"103024";"Q138856614";"nm0079593";"103024";"";"Caroline de Beus";"0";NULL
"106872";"Q138799489";"nm0123640";"106872";"";"Larry M. Burton";"1";NULL
"106998";"Q138918710";"nm0653067";"106998";"";"Warrene Ott";"0";NULL
"108564";"Q20671472";"nm2340078";"108564";"";"Sativa Verte";"1";NULL
"115771";"Q138859139";"nm0106295";"115771";"";"Margaret Brayton";"0";NULL
"124855";"Q3435044";"nm0254609";"124855";"";"Robert Elliott";"0";NULL
"126342";"Q5561957";"nm0040780";"126342";"";"Nick Atkinson";"0";"2924920"
"126570";"Q138816876";"nm0314759";"126570";"";"Gusta Gerritsen";"0";NULL
"128642";"Q138672256";"nm0857492";"128642";"";"Ralph Theodore";"0";NULL
"132080";"Q138845341";"nm1686323";"132080";"";"Brooke Alexander";"1";NULL
"132803";"Q11369159";"nm2759146";"4092504";"";"Tomohiro Kubo";"0";"4092504"
"137748";"Q138864426";"nm0590267";"137748";"";"Louisa Milwood-Haigh";"0";NULL
"140021";"Q138797963";"nm0350078";"140021";"";"Linda Guzmán";"0";NULL
"143132";"Q105582491";"nm0326956";"143132";"";"Teresa Gomes";"0";NULL
"144593";"Q860942";"nm0490395";"0";"";"Chloe Lattanzi";"0";NULL
"145347";"Q6020935";"nm2435219";"3343766";"";"Ismail Doruk";"0";NULL
"147795";"Q138356870";"nm0150804";"147795";"";"Betty Chan Kwai-Wa";"0";NULL
"150745";"Q462317";"nm0003286";"150745";"";"Taylor S. Clair";"0";"102877"
"155255";"Q138816955";"nm0935755";"155255";"";"Jan Winters";"0";NULL
"173569";"Q18752562";"nm0514759";"0";"";"Chic Littlewood";"0";NULL
"189382";"Q5451106";"nm2062933";"0";"";"Fiona Russell Powell";"0";NULL
"211191";"Q138816944";"nm0796243";"211191";"";"Ricardo Sibelo";"0";NULL
"211208";"Q52635992";"nm0611712";"211208";"";"Carla Mulder";"0";NULL
"211304";"Q40032375";"nm0238311";"211304";"";"Peter Drost";"0";NULL
"213122";"Q506006";"nm0376485";"213122";"";"Joe Henderson";"0";NULL
"219225";"Q138976734";"nm0114459";"219225";"";"Rae Brown";"0";NULL
"220118";"Q137299234";"nm1264549";"220118";"";"Benjamin Petry";"0";NULL
"223780";"Q20456661";"nm4204592";"223780";"";"Johan Raja Lawak";"0";NULL
"226900";"Q138856627";"nm0065965";"226900";"";"Rodney Beddal";"0";NULL
"229042";"Q18093048";"nm2549232";"229042";"";"Marijke Geertsma";"0";NULL
"231892";"Q11548790";"nm7855956";"231892";"";"Ren Mizumori";"1";NULL
"234774";"Q139039966";"nm2967810";"0";"";"Mela";"1";NULL
"238842";"Q9204250";"nm1254138";"238842";"";"Violet Lee Ying";"0";NULL
"239481";"Q3934635";"nm2646194";"239481";"";"Riccardo Tesi";"0";NULL
"275073";"Q4245118";"nm6159120";"2037030";"";"Tatyana Kuznetsova";"0";"2037030"
"555579";"Q11632731";"nm1147118";"554163";"";"Koji Taniguchi";"0";"554163"
"555979";"Q301874";"nm0885345";"0";"";"Ross Valory";"0";NULL
"559897";"Q101112846";"nm1039079";"559897";"";"Vitali Makarov";"0";NULL
"566672";"Q11672243";"nm4132661";"566672";"";"Masahiro Takata";"0";"2464449"
"573832";"Q138872115";"nm4560406";"573832";"";"Briella Bounce";"1";NULL
"578348";"Q1789883";"nm0158377";"578348";"";"Chitãozinho";"0";NULL
"584347";"Q17579848";"nm1181506";"0";"";"A. Jagannathan";"0";NULL
"930131";"Q138862671";"nm0894134";"930131";"";"Mathilde Verhaar";"0";NULL
"931099";"Q10330674";"nm0798615";"1177345";"";"Miroel Silveira";"0";NULL
"936112";"Q138757357";"nm0085270";"936112";"";"Eva Mercedes";"1";NULL
"936113";"Q138769124";"nm1169847";"936113";"";"Loureen Kiss";"1";NULL
"980220";"Q60786963";"nm2809829";"980220";"";"Kostas Berikopoulos";"0";NULL
"995597";"Q138816868";"nm0074584";"995597";"";"Fien Berghegge";"0";NULL
"997464";"Q138748176";"nm1295387";"997464";"";"Vanessa Virgin";"1";NULL
"1004870";"Q138800009";"nm0858122";"1004870";"";"Geert Thijssens";"0";NULL
"1011629";"Q6698412";"nm1569280";"1011629";"";"Lucy M. Boston";"0";NULL
"1013566";"Q3751215";"nm0148442";"1013566";"";"Franco Ceraolo";"0";NULL
"1021484";"Q138912061";"nm4567652";"1021484";"";"Sofia Prada";"1";NULL
"1027769";"Q5772111";"nm0735773";"0";"";"Claudio Rodríguez";"0";NULL
"1036390";"Q138659973";"nm0598404";"1036390";"";"András Monori";"0";NULL
"1041656";"Q12519102";"nm2733323";"1041656";"";"Tan Tjeng Bok";"0";NULL
"1059782";"Q138756970";"nm1155778";"1059782";"";"Melody Magic";"1";NULL
"1060081";"Q28749126";"nm2922572";"1060081";"";"Johnny Pemberton";"0";NULL
"1067242";"Q135337648";"nm17223611";"1067242";"";"Warinda Damrongphol";"0";NULL
"1071125";"Q28056142";"nm2653740";"0";"";"Emma Hartley-Miller";"0";NULL
"1071356";"Q112535730";"nm4792866";"1071356";"";"Kateřina Jandáčková";"0";NULL
"1078668";"Q3546833";"nm0945381";"0";"";"Erika Yamakawa";"0";NULL
"1086551";"Q139041578";"nm0156974";"1086551";"";"Wen Chiang-Lung";"0";NULL
"1089571";"Q11106557";"nm2210656";"0";"";"Hannah Lin";"0";NULL
"1102470";"Q138717574";"nm5216230";"1102470";"";"Jacky Vike";"0";NULL
"1109274";"Q272236";"nm3578076";"0";"";"Unsuk Chin";"0";NULL
"1125630";"Q138847553";"nm0778933";"1125630";"";"Carl Scott";"0";NULL
"1127789";"Q138816994";"nm0941880";"1127789";"";"Wieger Woudsma";"0";NULL
"1131195";"Q4157391";"nm3293566";"1131195";"";"Andrey Dementev";"0";"1169026"
"1132396";"Q126720329";"nm1291724";"1132396";"";"Mrs. Jesse Crawford";"0";NULL
"1133584";"Q138769073";"nm1512279";"1133584";"";"Kelly White";"1";NULL
"1133843";"Q136746236";"nm0379216";"1133843";"";"Rukman Herman";"0";NULL
"1140794";"Q138910316";"nm2903628";"1140794";"";"Kathy Sweet";"1";NULL
"1142799";"Q3479332";"nm0340257";"1142799";"";"Serge Grenier";"0";NULL
"1143401";"Q16211199";"nm0914942";"1143401";"";"Alan Watt";"0";"1230543"
"1144707";"Q138912353";"nm0940452";"1144707";"";"Eunice Woodruff";"0";NULL
"1148941";"Q138750506";"nm1154328";"1148941";"";"Barbarella";"1";NULL
"1153404";"Q109120782";"nm2491808";"3971752";"";"Guido Maria Ranieri";"1";NULL
"1160476";"Q138719887";"nm0903045";"1160476";"";"Dieter von Stein";"1";NULL
"1160502";"Q138842895";"nm1586276";"1160502";"";"Gabriel Montoya";"1";NULL
"1162535";"Q138757006";"nm1156567";"1162535";"";"Tolly Crystal";"1";NULL
"1165942";"Q138795455";"nm0796851";"1165942";"";"Percy Sieff";"0";NULL
"1168230";"Q64779970";"nm2080619";"1168230";"";"Sejal Shah";"0";NULL
"1169045";"Q15071123";"nm0501188";"2912025";"";"Aleksandr Lemberg";"0";"2912025"
"1172533";"Q130732366";"nm5668040";"1172533";"";"Nishadh Yusuf";"0";NULL
"1172954";"Q138912333";"nm0268360";"1172954";"";"Vessie Farrell";"0";NULL
"1175068";"Q138857249";"nm4179059";"1175068";"";"Anita Hengher";"1";NULL
"1175106";"Q138768073";"nm1522460";"1175106";"";"Demi Blue";"1";NULL
"1175283";"Q138785913";"nm0049093";"1175283";"";"Backey Jakic";"1";NULL
"1180151";"Q132084457";"nm0444343";"1180151";"";"Lee Sau-Kei";"0";NULL
"1182025";"Q109349809";"nm0412908";"36875";"";"J.J.";"1";NULL
"1182025";"Q138994497";"nm0412908";"36875";"";"J.J.";"1";NULL
"1182175";"Q138799990";"nm0894196";"1182175";"";"Jan Verhoeven";"0";NULL
"1191274";"Q13105158";"nm5543487";"1191274";"";"Sylvia Camarda";"0";NULL
"1202005";"Q138750539";"nm0431405";"1202005";"";"Angelina Joy";"1";NULL
"1212047";"Q5239418";"nm0756048";"1212047";"";"David Sage";"0";NULL
"1234854";"Q138678799";"nm0376621";"1234854";"";"Ty Henderson";"0";NULL
"1236067";"Q64875440";"nm0481159";"1236067";"";"Ana Maria Lagasca";"0";NULL
"1244319";"Q138859183";"nm0284488";"1244319";"";"James Fonda";"0";NULL
"1246006";"Q7610541";"nm0802332";"0";"";"Stephen Singleton";"0";NULL
"1246622";"Q138860108";"nm2592798";"1246622";"";"Ahmad Givens";"0";NULL
"1259493";"Q13026048";"nm7346573";"1259493";"";"Esther Supreeleela";"0";NULL
"1263274";"Q138796206";"nm4083628";"1263274";"";"Bela von Block";"0";NULL
"1264617";"Q70977780";"nm1340051";"1264617";"";"Justin Strydom";"0";NULL
"1264681";"Q62601428";"nm4301980";"1264681";"";"Yuki Kimura";"0";"2721102"
"1265575";"Q20647454";"nm1752907";"1265575";"";"Sophia Sandobar";"1";NULL
"1268694";"Q138764134";"nm1893831";"1268694";"";"Florence Curtis";"0";NULL
"1269539";"Q17687144";"nm10428142";"1269539";"";"Nanami Hisayo";"1";NULL
"1275251";"Q138910822";"nm2446713";"1275251";"";"Leah Wilde";"1";NULL
"1279371";"Q113122214";"nm1628769";"1279371";"";"Sachin Sanghvi";"0";NULL
"1280675";"Q53451938";"nm0208555";"1280675";"";"Dennis de Getrouwe";"0";NULL
"1280689";"Q52835657";"nm1552812";"1280689";"";"Ronald de Bruin";"0";NULL
"1280736";"Q133852670";"nm0887005";"1280736";"";"Sabrina van Halderen";"0";NULL
"1283231";"Q42269394";"nm0897527";"0";"";"Aigars Vilims";"0";NULL
"1283569";"Q732128";"nm2959508";"1283569";"";"Sergio Bambaren";"0";NULL
"1284537";"Q138856751";"nm0887897";"1284537";"";"Jan Van Rooyen";"0";NULL
"1286220";"Q13025096";"nm2297035";"1286220";"";"Den Dawkpradu";"0";NULL
"1287163";"Q138655379";"nm0623028";"1287163";"";"Walter Navarro";"0";NULL
"1287968";"Q127602782";"nm3623467";"1287968";"";"Eloa Lombard";"1";NULL
"1290357";"Q138781447";"nm0866442";"1290357";"";"Nikolai Tomashevsky";"0";NULL
"1291247";"Q138847552";"nm1675967";"1291247";"";"Angelica Sweet";"1";NULL
"1291343";"Q139043504";"nm0181957";"0";"";"Fanny Cossar";"0";NULL
"1293040";"Q138747765";"nm1295502";"1293040";"";"Black Widow";"1";NULL
"1294861";"Q138768683";"nm1290065";"1294861";"";"Alexandra Schiffer";"1";NULL
"1295417";"Q20445094";"nm4535657";"1295417";"";"Kim Jong-soo";"0";NULL
"1298721";"Q109853596";"nm1154084";"1298721";"";"Burt Arthur";"0";NULL
"1299281";"Q69697161";"nm4300257";"2482161";"";"Park Min-jeong";"0";"2482161"
"1299995";"Q97163741";"nm0208764";"1299995";"";"Elisa de Guisette";"0";NULL
"1309741";"Q139041029";"nm5502880";"1309741";"";"Niky Gold";"1";NULL
"1314720";"Q134309153";"nm1159548";"1314720";"";"Lee Hyuk-soo";"0";NULL
"1314860";"Q16837254";"nm5325802";"3342204";"";"Jordi Roca";"0";"3342204"
"1316376";"Q138658995";"nm0090789";"1316376";"";"Junior 'Speedy' Bodden";"1";NULL
"1318318";"Q138679886";"nm3716818";"1318318";"";"Ervin Hadžimurtezić";"0";NULL
"1320874";"Q25484968";"nm1107209";"1294379";"";"Julie Faridah";"0";NULL
"1323258";"Q19559906";"nm2657204";"1323258";"";"Ade-Love";"0";NULL
"1327865";"Q4429307";"nm0815151";"1327865";"";"Nina Sorotokina";"0";NULL
"1328089";"Q138786370";"nm0098651";"1328089";"";"Victor Bottenbley";"0";NULL
"1328175";"Q5984183";"nm0691658";"0";"";"Luis Porcar";"0";NULL
"1330692";"Q30082983";"nm5686622";"1330692";"";"Mohamed Saïd Hafifi";"0";"947663"
"1331759";"Q138898253";"nm0241269";"1331759";"";"Arthur Dulac";"0";NULL
"1337797";"Q437798";"nm0183642";"1337797";"";"Louis Couperus";"0";NULL
"1340991";"Q52894789";"nm0531032";"1340991";"";"Matthias Maat";"0";NULL
"1342686";"Q138822636";"nm1271749";"1342686";"";"Géo Flandre";"0";NULL
"1345926";"Q19810457";"nm5390305";"1345926";"";"M.L. Stedman";"0";NULL
"1350317";"Q138706447";"nm0753172";"1350317";"";"Anna-Brita Ryding";"0";NULL
"1361722";"Q11858126";"nm0948692";"3696329";"";"Eric York";"1";"3696329"
"1366358";"Q23815354";"nm0172258";"1366358";"";"David Collins";"0";NULL
"1367544";"Q47463923";"nm0361912";"0";"";"Aaron Harberts";"0";NULL
"1372332";"Q138774022";"nm0339049";"1372332";"";"Ken Greenhall";"0";NULL
"1376132";"Q138884965";"nm2137434";"1376132";"";"Gary Taylor";"1";NULL
"1376565";"Q12619527";"nm0158801";"1223478";"";"Choi Dong-joon";"0";"1223478"
"1380346";"Q63413348";"nm0132367";"1380346";"";"David Campbell";"0";"45357"
"1380869";"Q12849652";"nm3933690";"2077627";"";"Sövqi Hüseynov";"0";NULL
"1383602";"Q4741303";"nm3962434";"1383602";"";"Amber Seyer";"0";NULL
"1386273";"Q3299511";"nm2740520";"0";"";"Alan Kendall";"0";NULL
"1387301";"Q138757159";"nm1028347";"1387301";"";"Angelica Bright";"1";NULL
"1387603";"Q110223006";"nm1886564";"1387603";"";"Désiré Pougaud";"0";NULL
"1388861";"Q138816871";"nm0102593";"1388861";"";"Camilla Braaksma";"0";NULL
"1392193";"Q133505268";"nm0498372";"1392193";"";"Andy Lee Do-Yue";"0";NULL
"1394611";"Q138994314";"nm2107716";"1394611";"";"Janet Joy";"1";NULL
"1395748";"Q53097081";"nm0079581";"1395748";"";"Loek Beumer";"0";NULL
"1396170";"Q138973023";"nm1690337";"1396170";"";"Erika Neri";"1";NULL
"1397639";"Q95223300";"nm1081699";"1397639";"";"René Lay";"0";NULL
"1399824";"Q1282521";"nm2408409";"0";"";"John Rawls";"0";NULL
"1406220";"Q5474050";"nm0367848";"1406220";"";"Enny Haryono";"0";NULL
"1414430";"Q138799967";"nm0182651";"1414430";"";"Etha Coster";"0";NULL
"1415215";"Q1351006";"nm0372984";"1415215";"";"Werner Hecht";"0";NULL
"1418612";"Q4321483";"nm0632554";"1418612";"";"Boris Nirenburg";"0";NULL
"1419512";"Q15712397";"nm1138115";"0";"";"Sin Yeong-il";"0";NULL
"1419527";"Q6679622";"nm1069512";"1419527";"";"Kim Chang-sook";"0";NULL
"1420100";"Q138792889";"nm0810490";"1420100";"";"Cor Smits";"0";NULL
"1421296";"Q138716756";"nm0357034";"1421296";"";"Mary Halsey";"0";NULL
"1422582";"Q138679605";"nm1575218";"1422582";"";"Cice Rivera";"0";NULL
"1424327";"Q22070229";"nm2931326";"1424327";"";"Van Neistat";"0";NULL
"1432104";"Q138827360";"nm0621213";"1432104";"";"Alejandro Naranjo";"0";NULL
"1440294";"Q138710367";"nm2057913";"1440294";"";"Jeremy Batiste";"0";NULL
"1443126";"Q40523707";"nm4268837";"1443126";"";"Kadija Jalloh";"0";NULL
"1450854";"Q138847637";"nm1514705";"1450854";"";"Jenna Red";"1";NULL
"1452391";"Q6811310";"nm3346060";"1452391";"";"Melanie Marnich";"0";NULL
"1452773";"Q138856599";"nm0437894";"1452773";"";"Albertine de Kanter";"0";NULL
"1454104";"Q66124182";"nm2856661";"0";"";"Philip J. Silvera";"0";NULL
"1454824";"Q138847803";"nm2355230";"1454824";"";"Virginee";"1";NULL
"1455454";"Q138748142";"nm1320078";"1455454";"";"Allan Sebastian";"0";NULL
"1458641";"Q138657644";"nm1395846";"1458641";"";"Melinda Vecsey";"1";NULL
"1461910";"Q138768832";"nm0659656";"1461910";"";"Blond Panni";"1";NULL
"1464192";"Q138962147";"nm2332473";"1464192";"";"Ruka Stone";"1";NULL
"1473000";"Q138976814";"nm0089312";"1473000";"";"Clara Blore";"0";NULL
"1475334";"Q95770672";"nm0898856";"1475334";"";"Herman Vinck";"0";NULL
"1476470";"Q138786098";"nm0080714";"1476470";"";"Boris Bianco";"1";NULL
"1476647";"Q138839566";"nm0919193";"1476647";"";"Vilém Weiss";"0";NULL
"1479030";"Q11378534";"nm2345223";"1479030";"";"Momo Nakamura";"0";NULL
"1479878";"Q547039";"nm2406693";"1479878";"";"Simon Schaffer";"0";"3996642"
"1481873";"Q138849256";"nm1701102";"1481873";"";"Thalia Festiny";"1";NULL
"1481878";"Q138848939";"nm2711357";"1481878";"";"Jo Casta";"1";NULL
"1482202";"Q4684215";"nm0204042";"0";"";"Adolfo Dávila";"0";NULL
"1483586";"Q86736775";"nm0517755";"1483586";"";"Karen Anna Logje";"0";NULL
"1484658";"Q138848835";"nm0465758";"1484658";"";"Małgorzata Kopernik";"0";NULL
"1485107";"Q20630866";"nm2128400";"0";"";"Aaron Covington";"0";NULL
"1486683";"Q133604744";"nm0726826";"1486683";"";"Frank Rigter";"0";NULL
"1487117";"Q5947451";"nm6187013";"1487117";"";"Pär Lernström";"0";NULL
"1487657";"Q11576305";"nm0993341";"1487657";"";"Yukari Taguchi";"1";NULL
"1491642";"Q1901715";"nm0679430";"1491642";"";"Markus Pfeiffer";"0";NULL
"1491889";"Q11594091";"nm1997829";"1491889";"";"Noriyuki Fukuda";"0";NULL
"1493700";"Q52911393";"nm1336184";"1493700";"";"Herman van de Wijdeven";"0";NULL
"1496026";"Q19664222";"nm0809727";"1496026";"";"Rob Smith";"0";NULL
"1498725";"Q138718208";"nm0277814";"1498725";"";"Hyman Fink";"0";NULL
"1498881";"Q138836564";"nm0891657";"1498881";"";"Anatoly Vedyonkin";"0";NULL
"1505102";"Q110969675";"nm1317356";"1505102";"";"Christian Haake";"0";NULL
"1507183";"Q138089523";"nm0793260";"1507183";"";"Sonny Shields";"0";NULL
"1511651";"Q97583617";"nm0025533";"1511651";"";"Federico Amérigo";"0";NULL
"1513129";"Q29649984";"nm0051751";"170074";"";"Sierra Pecheur";"0";"170074"
"1514258";"Q138663480";"nm2908933";"1514258";"";"Nicole Evans";"1";NULL
"1515616";"Q2371989";"nm0814794";"0";"";"Fania Sorel";"0";NULL
"1516270";"Q138973298";"nm1706674";"1516270";"";"Rudy Strong";"1";NULL
"1521738";"Q138657212";"nm1524623";"1521738";"";"Liza Pinelli";"1";NULL
"1526019";"Q138911042";"nm3823365";"1526019";"";"Teena Lipoldino";"1";NULL
"1527667";"Q138816905";"nm1029122";"1527667";"";"Gerard Doting";"0";NULL
"1527669";"Q138786376";"nm0366767";"1527669";"";"Gerard Hartkamp";"0";NULL
"1533833";"Q138915801";"nm1080311";"1533833";"";"Candy Estefana";"1";NULL
"1535846";"Q136694818";"nm8604742";"1535846";"";"Soleil Hughes";"1";NULL
"1539744";"Q3187798";"nm0854441";"1539744";"";"Juan Tellería";"0";NULL
"1545284";"Q113166668";"nm1479639";"0";"";"Therese Sandersson";"0";NULL
"1547983";"Q2829693";"nm1734678";"1547983";"";"Alain Crête";"0";NULL
"1553122";"Q138932106";"nm0407961";"0";"";"Vladimir Ilin";"0";NULL
"1556176";"Q126450338";"nm5002131";"0";"";"Taylor Hess";"0";NULL
"1557111";"Q95810217";"nm0039878";"1557111";"";"Dieter Assmann";"0";NULL
"1561007";"Q138844008";"nm5354100";"1561007";"";"Avril Hall";"1";NULL
"1562669";"Q1424318";"nm0136686";"1562669";"";"Onelio Jorge Cardoso";"0";NULL
"1562691";"Q11394512";"nm12856349";"1562691";"";"Ayana Naito";"1";NULL
"1564218";"Q52618018";"nm1478901";"1564218";"";"Esther Scheldwacht";"0";NULL
"1570322";"Q138720641";"nm7635433";"1570322";"";"Samuel Dunning";"0";NULL
"1571099";"Q15908652";"nm0899737";"1571099";"";"Leuwe Visser";"0";NULL
"1571184";"Q3416115";"nm2528671";"1571184";"";"Rachel Petladwala";"0";NULL
"1574053";"Q138840866";"nm1300678";"1574053";"";"Liu Wu-Chi";"0";NULL
"1576313";"Q12023483";"nm3027488";"1576313";"";"Janek Kroupa";"0";NULL
"1581370";"Q4139715";"nm3584243";"0";"";"Dushan Gligorov";"0";NULL
"1583608";"Q123048859";"nm6253833";"1583608";"";"Julie Skyhigh";"1";NULL
"1583833";"Q95328395";"nm0754792";"1583833";"";"Heinrich Sabl";"0";NULL
"1585719";"Q104668443";"nm0890935";"0";"";"Caelum Vatnsdal";"0";NULL
"1595089";"Q58301843";"nm1072552";"0";"";"Nejib Ayed";"0";NULL
"1596101";"Q6394399";"nm0852711";"0";"";"Kerrie Taylor";"0";NULL
"1611614";"Q24640139";"nm2847100";"0";"";"Tiffany Hsiung";"0";NULL
"1614737";"Q138886996";"nm1505921";"1614737";"";"Murat Dzhusoyty";"0";NULL
"1628194";"Q138945544";"nm0188073";"1628194";"";"Ingrid Cristea";"0";NULL
"1631135";"Q106416212";"nm2780772";"567617";"";"Alex Disdier";"0";NULL
"1631758";"Q5097138";"nm0157305";"0";"";"Chieh Yuen";"0";NULL
"1633667";"Q183108";"nm3820256";"1633667";"";"Fabio Capello";"0";NULL
"1637217";"Q133797101";"nm1015119";"1637217";"";"Sándor Köő";"0";NULL
"1639025";"Q6630388";"nm1121920";"0";"";"Erez Ben Harosh";"0";NULL
"1644928";"Q95843625";"nm0902585";"1644928";"";"Geo von Krogh";"0";NULL
"1645749";"Q138778925";"nm1161333";"1645749";"";"Judith Elekes";"1";NULL
"1651418";"Q36883449";"nm4488325";"0";"";"Lukas Johne";"0";NULL
"1652890";"Q4740065";"nm1760436";"0";"";"Amara Asavananda";"0";NULL
"1666333";"Q138844079";"nm6409327";"1666333";"";"Kristy Snow";"1";NULL
"1669640";"Q82549694";"nm0651545";"1669640";"";"Max Osbiston";"0";NULL
"1670038";"Q2361411";"nm1484367";"0";"";"Isabelle Van Hecke";"0";NULL
"1674837";"Q1571613";"nm5157784";"1674837";"";"Patrice Quarteron";"0";NULL
"1677354";"Q63203899";"nm2833575";"1677354";"";"Roan Curtis";"0";NULL
"1682547";"Q3784914";"nm1651133";"2434538";"";"Henry Lee";"0";"2434538"
"1683582";"Q56251776";"nm1065381";"0";"";"Valentina Gómez";"0";NULL
"1684028";"Q111490610";"nm0450311";"1684028";"";"Björn Kessler";"0";NULL
"1684874";"Q5673902";"nm3844407";"0";"";"Ana María Estupiñán";"0";NULL
"1688851";"Q137768237";"nm1805591";"1688851";"";"Aša Teršová";"0";NULL
"1689733";"Q136484908";"nm5079783";"1689733";"";"George H. Xanthis";"0";NULL
"1690981";"Q138720483";"nm6466053";"1690981";"";"Mark Blaze";"1";NULL
"1693114";"Q138856754";"nm0387709";"1693114";"";"Johan Hobo";"0";NULL
"1702845";"Q29834762";"nm4624112";"1702845";"";"Nathan Scherrer";"0";NULL
"1708256";"Q85617871";"nm7403515";"0";"";"Rana Farahani";"0";NULL
"1708837";"Q138782525";"nm2802781";"0";"";"Stevie Wynne Levine";"0";NULL
"1712047";"Q112315959";"nm2641581";"0";"";"Nana Ponceleon";"0";NULL
"1713199";"Q3533714";"nm0671838";"0";"";"Kirk Pengilly";"0";NULL
"1713200";"Q5524133";"nm0066538";"0";"";"Garry Gary Beers";"0";NULL
"1728296";"Q2381353";"nm0847042";"60757";"";"Yumi Takada";"0";"60757"
"1731592";"Q100413280";"nm3289131";"0";"";"Davit Imedashvili";"0";NULL
"1740487";"Q5524291";"nm0950490";"0";"";"Garson Yu";"0";NULL
"1743199";"Q138873575";"nm2475958";"1743199";"";"Jayda Diamonde";"1";NULL
"1743215";"Q138911654";"nm4281284";"1743215";"";"Monica Beluchi";"1";NULL
"1744060";"Q111650228";"nm8176068";"1744060";"";"Neha Shetty";"0";NULL
"1746301";"Q27554518";"nm6949733";"0";"";"Robert Bengtsson";"0";NULL
"1755969";"Q95856884";"nm0270698";"0";"";"Wolfgang Feindt";"0";NULL
"1757075";"Q12347506";"nm1242403";"0";"";"Eszter Tompa";"0";NULL
"1764288";"Q4960830";"nm2880385";"1764288";"";"Brendan Canning";"0";NULL
"1767443";"Q138962195";"nm1707338";"1767443";"";"Cintia Silver";"1";NULL
"1782013";"Q138720408";"nm1036911";"1782013";"";"Silvia Sun";"1";NULL
"1786483";"Q138910949";"nm1043483";"1786483";"";"Sky Taylor";"1";NULL
"1787423";"Q138657192";"nm0628626";"1787423";"";"Kris Newz";"1";NULL
"1788193";"Q138844441";"nm0901632";"1788193";"";"Ernesto Vollrath";"0";NULL
"1790943";"Q138822292";"nm1659433";"1790943";"";"Nora Forter";"1";NULL
"1797078";"Q138721866";"nm4174439";"1797078";"";"Rachel Sellan";"0";NULL
"1797168";"Q121863458";"nm3951068";"0";"";"Johnny Wernersson";"0";NULL
"1797362";"Q138898867";"nm0232429";"1797362";"";"Lyn Donelson";"0";NULL
"1802013";"Q103830488";"nm4235889";"1802013";"";"Martha Olšrová";"0";NULL
"1808794";"Q5026647";"nm0376361";"0";"";"Camille Henderson";"0";NULL
"1809108";"Q3341002";"nm1927176";"0";"";"Nicole Avril";"0";"77445"
"1810250";"Q138768291";"nm1154372";"1810250";"";"Rita Black";"1";NULL
"1813850";"Q18224508";"nm8065116";"1813850";"";"Miyako Akane";"1";NULL
"1813955";"Q24251153";"nm0469403";"0";"";"Ivan Kraljević";"0";NULL
"1818961";"Q9667647";"nm0586045";"0";"";"Bruno Miguel";"0";NULL
"1833987";"Q138024682";"nm5582983";"1833987";"";"Lydia McLaughlin";"0";NULL
"1837374";"Q138806631";"nm0952168";"1837374";"";"Sofya Zajkova";"0";NULL
"1840681";"Q132166860";"nm2038255";"1840681";"";"Jana Nosková";"0";NULL
"1846142";"Q18353266";"nm2003672";"0";"";"Nico Tatarowicz";"0";NULL
"1859048";"Q97975244";"nm0590247";"0";"";"Paul Millspaugh";"0";NULL
"1863392";"Q13218030";"nm1129832";"0";"";"Vitaliy Dudin";"0";NULL
"1863772";"Q2424370";"nm0043243";"0";"";"Tamer Avkapan";"0";NULL
"1870714";"Q7368926";"nm2890526";"0";"";"Rosie Taylor-Ritson";"0";NULL
"1872703";"Q136766775";"nm0445351";"1872703";"";"Jiří Kejř";"0";NULL
"1873686";"Q7340567";"nm1663404";"0";"";"Rob Sorrenti";"0";NULL
"1876594";"Q84516309";"nm0037414";"0";"";"Alberto Arroyo";"0";NULL
"1880102";"Q138888840";"nm2643953";"1880102";"";"Jessie Jolie";"1";NULL
"1884934";"Q28740172";"nm5593934";"0";"";"Vladimir Zombori";"0";NULL
"1886285";"Q138766255";"nm3253487";"0";"";"Beth Triffon";"0";NULL
"1888054";"Q20850471";"nm2133288";"1888054";"";"Layla Monroe";"1";NULL
"1891664";"Q20656320";"nm2782707";"1891664";"";"Chloe Chanel";"1";NULL
"1902845";"Q123174972";"nm3852561";"0";"";"Josselin Charier";"0";NULL
"1903019";"Q137793874";"nm7871425";"1903019";"";"Karim Diane";"0";NULL
"1909928";"Q138776293";"nm9185497";"0";"";"Mostafa Taghizadeh";"0";NULL
"1910617";"Q118780177";"nm7595796";"1910617";"";"Freya Kreutzkam";"0";NULL
"1913920";"Q11531280";"nm8412510";"1285657";"";"Hana Matsumoto";"0";"1285657"
"1920708";"Q138773324";"nm2357133";"1920708";"";"Steliana";"1";NULL
"1928006";"Q138720627";"nm7563025";"1928006";"";"Maria Jade";"1";NULL
"1930822";"Q105431907";"nm6788912";"0";"";"Sayla de Goede";"0";NULL
"1938056";"Q11667755";"nm6235430";"1938056";"";"Saki Kozai";"1";NULL
"1939828";"Q16226038";"nm0388268";"0";"";"Gaynor Hodgson";"0";NULL
"1941330";"Q109329305";"nm0197014";"1941330";"";"Lisa Dahlberg";"0";NULL
"1941820";"Q115332002";"nm2021622";"0";"";"Erik Nordlund";"0";NULL
"1957165";"Q138847621";"nm2049534";"0";"";"Pierre DJ";"1";NULL
"1958355";"Q138752581";"nm7602424";"1958355";"";"Kamilla Kowal";"0";NULL
"1968395";"Q138795478";"nm4452385";"1968395";"";"Andrew Scott Bell";"0";NULL
"1981450";"Q132127566";"nm2666449";"1981450";"";"Marcus Bode";"0";NULL
"1982202";"Q138873262";"nm8756719";"1982202";"";"Pamela Stanwick";"1";NULL
"1988487";"Q11536947";"nm7863208";"1988487";"";"Momo Momomiya";"1";NULL
"1992092";"Q17362678";"nm0399076";"0";"";"Ray Wong Chi-Wai";"0";"4021860"
"1994013";"Q112843435";"nm3414614";"0";"";"Emil Stenberg";"0";NULL
"1996798";"Q10371017";"nm0233576";"0";"";"Sheila Dorfman";"0";NULL
"2008810";"Q1360560";"nm5626975";"0";"";"James Hinchcliffe";"0";NULL
"2008851";"Q117248172";"nm8308372";"2008851";"";"Indira Nascimento";"0";NULL
"2010848";"Q138821886";"nm1223376";"2010848";"";"Ramola Bachchan";"0";NULL
"2016791";"Q138871745";"nm8530911";"2016791";"";"Leyla Bentho";"1";NULL
"2020854";"Q138910613";"nm8988533";"2020854";"";"Dyana Hot";"1";NULL
"2032440";"Q138779851";"nm0076302";"0";"";"Lili Bernard";"0";NULL
"2046216";"Q135922095";"nm4596611";"2046216";"";"Saylor Curda";"0";NULL
"2047691";"Q605";"nm3831303";"2047691";"";"Ezra Klein";"0";NULL
"2069325";"Q115056992";"nm9637577";"0";"";"Heidi Switch";"1";NULL
"2070400";"Q7816704";"nm0542282";"0";"";"Tom Mangold";"0";NULL
"2072419";"Q64438320";"nm1889496";"0";"";"Cole Marcus";"0";NULL
"2081143";"Q15920512";"nm0660194";"2081143";"";"Nikos Papadopoulos";"0";NULL
"2086033";"Q6246430";"nm0536851";"2086033";"";"John Maher";"0";NULL
"2088240";"Q104722430";"nm6568986";"2088240";"";"Yang Tongshu";"0";"3012427"
"2090520";"Q12149147";"nm1403368";"0";"";"Yevgeniya Rudykh";"0";NULL
"2099749";"Q138720364";"nm2461821";"0";"";"Jessika";"1";NULL
"2108624";"Q138867207";"nm0787657";"0";"";"Yevhen Shakh";"0";NULL
"2112251";"Q72881803";"nm4470752";"2112251";"";"Philipp Abryutin";"0";NULL
"2116387";"Q111372680";"nm8593955";"0";"";"Ellen Evans";"0";NULL
"2120776";"Q138732359";"nm3444017";"2120776";"";"Diana Rossi";"1";NULL
"2124103";"Q138312714";"nm1677432";"0";"";"Michael Ralla";"0";NULL
"2127431";"Q24682293";"nm1475651";"0";"";"Paul Tilzey";"0";NULL
"2131835";"Q131932823";"nm4477974";"2131835";"";"Natálie Holíková";"0";NULL
"2132194";"Q1538280";"nm1758298";"0";"";"Lou Holtz";"0";NULL
"2142296";"Q65170204";"nm10068314";"0";"";"Kamil Nożyński";"0";NULL
"2142613";"Q138718472";"nm9449408";"2142613";"";"Oliver Trunk";"1";NULL
"2143507";"Q132127151";"nm3461966";"2143507";"";"Naděžda Husáková";"0";NULL
"2144644";"Q107995471";"nm2323802";"2144644";"";"Yvette Reid";"0";NULL
"2145582";"Q96350645";"nm4984883";"2145582";"";"Haskiri Velazquez";"0";NULL
"2153203";"Q17427926";"nm0299522";"0";"";"Pyotr Fyodorov";"0";NULL
"2163974";"Q11310654";"nm0949043";"0";"";"Johnny Yoshinaga";"0";NULL
"2168107";"Q108870422";"nm8182125";"0";"";"Victor Rebull";"0";NULL
"2175289";"Q52556488";"nm0312282";"0";"";"Gusta Geleijnse";"0";NULL
"2178205";"Q4956874";"nm4739965";"2178205";"";"Caroline Johansson Kuhmunen";"0";NULL
"2183139";"Q10385431";"nm4198941";"0";"";"Tulipa Ruiz";"0";NULL
"2188913";"Q105620486";"nm9476321";"0";"";"Hitesh Bhardwaj";"0";NULL
"2190584";"Q130060226";"nm5017794";"2190584";"";"Adelle Leonce";"0";NULL
"2199895";"Q123242685";"nm1485603";"0";"";"Andrew Dawson";"0";NULL
"2199979";"Q138459831";"nm10173790";"2199979";"";"Johnny Hill";"1";NULL
"2216292";"Q102361201";"nm5713679";"2216292";"";"Eliška Dohnalová";"0";NULL
"2219462";"Q10348347";"nm5528735";"0";"";"Lam Wing-Sum";"0";NULL
"2234681";"Q138774217";"nm10093798";"2234681";"";"Zeng Qingjie";"0";NULL
"2253586";"Q138897849";"nm0294145";"2253586";"";"Mary Jane French";"0";NULL
"2269089";"Q24572416";"nm7260148";"0";"";"Marcella Arguello";"0";NULL
"2270350";"Q138906960";"nm3631250";"2270350";"";"Roxxanne Bliss";"1";NULL
"2272884";"Q138974008";"nm7565396";"0";"";"Effie";"1";NULL
"2274856";"Q41586694";"nm2150471";"2274856";"";"Mohamed El Khatib";"0";NULL
"2275422";"Q65029124";"nm9498761";"2275422";"";"Luis Elizondo";"0";NULL
"2282527";"Q125887867";"nm3632124";"2282527";"";"Alvaro Correia";"0";"1682019"
"2286520";"Q138822247";"nm0660545";"2104078";"";"Maria Papp";"1";NULL
"2293395";"Q55538007";"nm9971113";"2293395";"";"Yui Makina";"1";NULL
"2293593";"Q6525784";"nm0855326";"0";"";"Leonard Tepper";"0";NULL
"2294342";"Q138820501";"nm0296932";"2294342";"";"Petter Fryklund-Borg";"0";NULL
"2301844";"Q17213589";"nm7902477";"2301844";"";"Yuka Minase";"1";NULL
"2307962";"Q11607329";"nm8608411";"2307962";"";"Ayase Tiara";"1";NULL
"2307972";"Q113612949";"nm8376012";"2307972";"";"Amaris";"1";NULL
"2316314";"Q105704031";"nm6653218";"2316314";"";"Kurumi Nakata";"0";NULL
"2322859";"Q12173284";"nm0946907";"0";"";"Nadezhda Yavorskaya";"0";NULL
"2324191";"Q138648917";"nm9131482";"2324191";"";"Aiden Ward";"1";NULL
"2324348";"Q4290607";"nm1464932";"2324348";"";"Yury Menshagin";"0";NULL
"2328005";"Q127427788";"nm10625481";"2328005";"";"Wang Lingyu";"0";NULL
"2329095";"Q95226225";"nm0294073";"2329095";"";"Don French";"0";NULL
"2335881";"Q95651121";"nm0080960";"0";"";"Fabienne Bichet";"0";NULL
"2343697";"Q112372786";"nm1155616";"2343697";"";"Tatiana Kovaříková";"0";NULL
"2346944";"Q16424601";"nm2635484";"1540622";"";"Róska";"0";"1540622"
"2367274";"Q16171379";"nm2543477";"0";"";"Indra Brasco";"0";NULL
"2368606";"Q138665515";"nm1056299";"2368606";"";"Aldana Troncoso";"0";NULL
"2381387";"Q17215962";"nm8017929";"2381387";"";"Misato Nonomiya";"1";NULL
"2383199";"Q4975726";"nm0746898";"0";"";"Linnéa Roxeheim";"0";NULL
"2384024";"Q28691681";"nm8620121";"2384024";"";"Chinami Sakura";"1";NULL
"2385429";"Q65203227";"nm4298187";"0";"";"Miloš Petrović 'Trojpec'";"0";NULL
"2390967";"Q132655863";"nm7074600";"2390967";"";"Manon Clavel";"0";NULL
"2397891";"Q138663709";"nm5542531";"2397891";"";"Nicole Smith";"1";NULL
"2402278";"Q138884272";"nm3127977";"2402278";"";"Monika";"1";NULL
"2405377";"Q102407836";"nm4077603";"0";"";"Cristian Tapia Marchiori";"0";NULL
"2412281";"Q132064128";"nm1549870";"0";"";"Eylem Kaftan";"0";NULL
"2412695";"Q138772960";"nm10575596";"2412695";"";"Cadu Rosenfeld";"0";NULL
"2412963";"Q138719853";"nm1503900";"2412963";"";"Jennifer Cool";"1";NULL
"2414073";"Q138976706";"nm0271169";"2414073";"";"Don Feldstein";"0";NULL
"2416205";"Q4760559";"nm0184905";"0";"";"Andy Cox";"0";NULL
"2416206";"Q15493738";"nm0824516";"0";"";"David Steele";"0";NULL
"2421343";"Q24350580";"nm0069761";"2578523";"";"Aleksandr Belyayev";"0";NULL
"2422315";"Q113166880";"nm4565657";"0";"";"Petter Roman Waldemarsson";"0";NULL
"2428267";"Q7376268";"nm3977778";"0";"";"Ruby Amanfu";"0";NULL
"2428485";"Q137646535";"nm8646957";"0";"";"Marek Jeníček";"0";NULL
"2435333";"Q2926920";"nm2699311";"2435333";"";"Bruno Patino";"0";NULL
"2441307";"Q21587899";"nm0790128";"0";"";"Maureen Elisabeth Shay";"0";NULL
"2444301";"Q97855071";"nm1065686";"2444301";"";"Farah Khalid";"0";NULL
"2449848";"Q133449056";"nm5143666";"0";"";"Wasantha Wittachchi";"0";NULL
"2461278";"Q136001303";"nm11118548";"0";"";"Tomás Agüero";"0";NULL
"2463529";"Q16514703";"nm0946156";"1469628";"";"Aleksey Yankovskiy";"0";"1469628"
"2468925";"Q137773378";"nm0851318";"2468925";"";"Věra Tatterová";"0";NULL
"2479677";"Q137768142";"nm2586456";"2479677";"";"Božena Světlá";"0";NULL
"2486907";"Q28968024";"nm0819392";"0";"";"J. Michael Spooner";"0";NULL
"2487279";"Q137671726";"nm5379121";"2487279";"";"Hana Blaha Šilarová";"0";NULL
"2503737";"Q104649884";"nm0346619";"0";"";"Jagannath Guha";"0";NULL
"2519196";"Q138855769";"nm5883607";"0";"";"Liza Kolt";"1";NULL
"2525015";"Q4056723";"nm9550709";"0";"";"Igor Agafonnikov";"0";NULL
"2533809";"Q117859241";"nm0947271";"0";"";"Yevgeni Yegorov";"0";NULL
"2534993";"Q138744693";"nm4247052";"2534993";"";"Tasha Starzz";"1";NULL
"2543725";"Q6169105";"nm2592941";"1461011";"";"Xavi Font";"0";"1461011"
"2546415";"Q106603654";"nm6056138";"0";"";"Edwin Lee";"0";NULL
"2554309";"Q138711481";"nm7463446";"2554309";"";"Luke Harrington";"1";NULL
"2557255";"Q111990308";"nm1161756";"0";"";"Brent Wilson";"0";NULL
"2557297";"Q1158987";"nm1418182";"0";"";"Dan Baird";"0";NULL
"2565796";"Q138708701";"nm10676487";"0";"";"Caio Macedo";"0";NULL
"2593426";"Q2441759";"nm0208688";"0";"";"Toni de Gregorio";"0";NULL
"2593929";"Q131985105";"nm0954720";"2593929";"";"Jaroslav Zeman";"0";NULL
"2601685";"Q103904915";"nm5086251";"0";"";"Christina Wilson";"0";NULL
"2603856";"Q138713735";"nm7685639";"0";"";"Andrey Golikov";"0";NULL
"2604466";"Q12207845";"nm7331057";"0";"";"Hassan Abo El Suood";"0";NULL
"2607280";"Q131007731";"nm11933557";"2607280";"";"LalaChus";"0";NULL
"2624166";"Q130456492";"nm2900647";"0";"";"Gregg Palmer";"0";NULL
"2639611";"Q130532558";"nm10415182";"2639611";"";"Ellie Leen";"1";NULL
"2641793";"Q17350271";"nm9214304";"2641793";"";"Iku Natsumi";"1";NULL
"2641794";"Q18234413";"nm9031499";"2641794";"";"Kokomi Nonomiya";"1";NULL
"2642474";"Q65252546";"nm13105992";"2642474";"";"Shiono Ran";"1";NULL
"2643084";"Q11607322";"nm7497151";"2643084";"";"Minami Ayase";"1";NULL
"2644423";"Q18818114";"nm7666043";"2644423";"";"Yuri Honma";"1";NULL
"2650625";"Q55177743";"nm10492214";"2650625";"";"Yua Fuwari";"1";NULL
"2652283";"Q122790236";"nm8540568";"2652283";"";"Alice Carvalho";"0";NULL
"2652895";"Q18817999";"nm7821994";"2652895";"";"Miori Hara";"1";NULL
"2658487";"Q138754635";"nm7745324";"0";"";"Renika Williams";"0";NULL
"2662319";"Q11519940";"nm5345864";"2662319";"";"Sayuri Honjo";"1";NULL
"2672008";"Q137661095";"nm10719587";"2672008";"";"Jiří Tuček";"0";NULL
"2692338";"Q16079887";"nm8119752";"2692338";"";"Kim Jinee";"0";NULL
"2707205";"Q92668557";"nm10994463";"2707205";"";"Tsugumi Morimoto";"1";NULL
"2722232";"Q126553566";"nm4583608";"0";"";"Tara Mallen";"0";NULL
"2726484";"Q138656813";"nm1543180";"2726484";"";"Vanessa Desiree";"1";NULL
"2756460";"Q11606646";"nm10243654";"2756460";"";"Yukimi Emiru";"1";NULL
"2783073";"Q60230349";"nm10131780";"2783073";"";"Mahiro Ikegami";"1";NULL
"2786684";"Q138752251";"nm2679403";"2786684";"";"Eftyhios Poullaidis";"0";NULL
"2786799";"Q22128970";"nm9054951";"2786799";"";"Yuki Hodaka";"1";NULL
"2792277";"Q11501993";"nm7235736";"2792277";"";"Ran Niiyama";"1";NULL
"2802162";"Q6834414";"nm1530260";"7478";"";"Mike Simpson";"0";"7478"
"2821183";"Q17037402";"nm1281658";"0";"";"Graham Ward";"0";"1854309"
"2837439";"Q55080958";"nm8338757";"0";"";"Talon Warburton";"0";NULL
"2849598";"Q95362467";"nm2720409";"2849598";"";"František Herman";"0";NULL
"2861298";"Q138711484";"nm11755156";"0";"";"Selena Love";"1";NULL
"2864963";"Q48889334";"nm1117086";"0";"";"Vladimir Ryabov";"0";NULL
"2875241";"Q2309306";"nm0026450";"0";"";"Brett Anderson";"0";NULL
"2875248";"Q4942199";"nm0144716";"0";"";"Torry Castellano";"0";NULL
"2877381";"Q111493513";"nm4512174";"0";"";"Stephanie Joline";"0";NULL
"2877679";"Q107012314";"nm0463443";"2877679";"";"Jorma Koho";"0";NULL
"2892455";"Q135896438";"nm12021691";"0";"";"Roque Ruiz";"0";NULL
"2902336";"Q4934969";"nm1268298";"0";"";"Bob Duncum Sr.";"0";NULL
"2902825";"Q104816919";"nm8031137";"0";"";"Donovan Danhausen";"0";NULL
"2920719";"Q128145134";"nm4800244";"2920719";"";"Juan David Galindo";"0";NULL
"2923853";"Q137777995";"nm0433061";"2923853";"";"Štefánia Jurášová";"0";NULL
"2939560";"Q41693080";"nm10364390";"2314986";"";"Rui Airi";"1";"2314986"
"2948839";"Q109595755";"nm7095915";"0";"";"Kenneth Pulgar-Vidal";"0";NULL
"2950762";"Q138450982";"nm7909991";"2950762";"";"Tom LeDuc";"1";NULL
"2954613";"Q138789699";"nm3798172";"2954613";"";"Aja Gabel";"0";NULL
"2959295";"Q2076564";"nm2204340";"134227";"";"Kaltoum el Fan";"0";"134227"
"2978732";"Q5904575";"nm2826449";"2978732";"";"Hugo Martín Cuervo";"0";NULL
"2979457";"Q138718471";"nm6156961";"2979457";"";"Johny Lucas";"1";NULL
"2979977";"Q27917658";"nm8672549";"2979977";"";"Minako Kirishima";"1";NULL
"2985866";"Q1328569";"nm2210771";"2985866";"";"Eri Kikuchi";"1";NULL
"2997962";"Q109341401";"nm10625546";"0";"";"Priyanka Deshpande";"0";NULL
"3007412";"Q7367261";"nm0736104";"0";"";"Rosalinda Rodríguez";"0";NULL
"3014038";"Q138858479";"nm11009786";"3014038";"";"Toni Vesdream";"0";NULL
"3024578";"Q1365803";"nm2481463";"0";"";"Isaac Slade";"0";NULL
"3029103";"Q29530443";"nm1508886";"3029103";"";"Nadia Nyce";"1";NULL
"3034254";"Q12587262";"nm6642429";"3034254";"";"Kim Dong-hyun";"0";NULL
"3052635";"Q138676104";"nm12063653";"3052635";"";"Ava Sinclaire";"1";NULL
"3057842";"Q138816890";"nm1130647";"3057842";"";"Diny Sprock";"0";NULL
"3063367";"Q138822438";"nm12734361";"3063367";"";"Bella Tina";"1";NULL
"3066782";"Q124293464";"nm12178126";"3066782";"";"Wang Yinglu";"0";NULL
"3071230";"Q4125778";"nm1373029";"5396416";"";"Christopher Windom";"0";"5396416"
"3076083";"Q43684677";"nm5062960";"3076083";"";"Cecilia Diesch";"0";NULL
"3076312";"Q11623999";"nm8737035";"3076312";"";"Yui Fujishima";"1";NULL
"3077282";"Q7456520";"nm1199479";"0";"";"Seth Justman";"0";NULL
"3077526";"Q43424450";"nm9645123";"3077526";"";"Kanon Kimiiro";"1";NULL
"3077532";"Q43427029";"nm9645124";"3077532";"";"Hikari Nagisa";"1";NULL
"3077536";"Q55696134";"nm9645127";"3077536";"";"Rumi Orikasa";"1";NULL
"3077548";"Q38277465";"nm9645118";"3077548";"";"Kasumi Mogami";"1";NULL
"3087244";"Q138675758";"nm1355396";"3087244";"";"Shi Jian";"0";NULL
"3093009";"Q11473171";"nm3393852";"3093009";"";"Nagisa Okamoto";"1";NULL
"3093644";"Q45819027";"nm9327290";"3093644";"";"Nana Fukada";"1";NULL
"3096634";"Q11623691";"nm10238583";"3096634";"";"Asuka Fujisaki";"1";NULL
"3096635";"Q11401559";"nm11543636";"3096635";"";"Miku Kitazaki";"1";NULL
"3096817";"Q11607334";"nm9541334";"3096817";"";"Megu Ayase";"1";NULL
"3097093";"Q11511281";"nm2894050";"3097093";"";"Rin Hayakawa";"1";NULL
"3101442";"Q23948807";"nm9262533";"3101442";"";"Mei Ashikawa";"1";NULL
"3103782";"Q60990021";"nm11651030";"3103782";"";"Hana Himesaki";"1";NULL
"3109498";"Q108704354";"nm11378663";"3109498";"";"Wakana Shiroyama";"1";NULL
"3109499";"Q76283340";"nm11220324";"3109499";"";"Riona Suzushiro";"1";NULL
"3112701";"Q64783395";"nm11219697";"3112701";"";"Kurano Haruka";"1";NULL
"3116607";"Q11413486";"nm10238579";"3116607";"";"Reika Yoshizawa";"1";NULL
"3116608";"Q11583487";"nm10238585";"3116608";"";"Maki Shinra";"1";NULL
"3121670";"Q3016486";"nm4192234";"3121670";"";"Darren Adams";"0";NULL
"3122387";"Q71679313";"nm11346434";"3122387";"";"Rui Hiiragi";"1";NULL
"3123218";"Q52320098";"nm10045976";"3123218";"";"An Mita";"1";NULL
"3123876";"Q131916916";"nm8393151";"3123876";"";"Darko Bozovic";"0";NULL
"3125723";"Q113704298";"nm10382133";"0";"";"Roberto Rodrigues";"0";NULL
"3127089";"Q138917731";"nm0391286";"3127089";"";"Anthea Holloway";"0";NULL
"3127298";"Q23948799";"nm8652735";"3127298";"";"Mao Sena";"1";NULL
"3129276";"Q11553857";"nm9242775";"3129276";"";"Anri Kawai";"1";NULL
"3140920";"Q4389613";"nm0269729";"0";"";"Fayray";"0";NULL
"3152085";"Q3531777";"nm1022803";"0";"";"Tony Gomez";"0";NULL
"3152643";"Q138603158";"nm12234178";"3152643";"";"Deng Kai";"0";NULL
"3155904";"Q11548527";"nm8588614";"3155904";"";"Ai Mizushima";"1";NULL
"3170022";"Q12227276";"nm1585646";"3170022";"";"Essam Karika";"0";NULL
"3170609";"Q3514142";"nm2713745";"3170609";"";"Takahiro Arai";"0";NULL
"3183584";"Q89449183";"nm11063081";"3183584";"";"Amin Nina";"1";NULL
"3186890";"Q4301218";"nm1621197";"3186890";"";"Anna Hedenmo";"0";NULL
"3197461";"Q11643999";"nm6866678";"3197461";"";"Chinami Sakai";"1";NULL
"3201355";"Q21019076";"nm8737039";"3201355";"";"Yu Shiraishi";"1";NULL
"3201429";"Q22129031";"nm7854120";"3201429";"";"Yui Nishikawa";"1";NULL
"3202160";"Q16264946";"nm8929456";"3202160";"";"Rio Ogawa";"1";NULL
"3202287";"Q11603599";"nm8929454";"3202287";"";"An Shinohara";"1";NULL
"3210783";"Q7905143";"nm7567390";"3210783";"";"Uzumaki Sasaki";"1";NULL
"3212192";"Q11671756";"nm8805576";"3212192";"";"Saya Takazawa";"1";NULL
"3212672";"Q20040449";"nm9257664";"3212672";"";"Miyu Shiina";"1";NULL
"3220887";"Q484216";"nm1126898";"3220887";"";"Na Hoon-a";"0";NULL
"3225094";"Q134395602";"nm12441950";"3225094";"";"İrem Tuncer";"0";NULL
"3238890";"Q11541133";"nm9255714";"3238890";"";"Nonoka Kaede";"1";NULL
"3252809";"Q65058846";"nm2573987";"0";"";"Cheng Haofeng";"0";NULL
"3259638";"Q16140137";"nm7346613";"3259638";"";"Pongsakorn Mettarikanon";"0";NULL
"3260590";"Q3349041";"nm7074596";"3260590";"";"Oceane Cairaty";"0";NULL
"3262048";"Q138752735";"nm8293944";"3262048";"";"Slavic Rogozine";"0";NULL
"3266355";"Q138496252";"nm7261620";"3266355";"";"Liliane Blanco-Binette";"0";NULL
"3267566";"Q779588";"nm1510054";"0";"";"Nic Cester";"0";NULL
"3267998";"Q121789282";"nm10638012";"0";"";"Darin Hagi";"0";NULL
"3280596";"Q16305741";"nm8598874";"0";"";"Khwanruedi Klomklom";"0";NULL
"3295714";"Q16593626";"nm12926691";"0";"";"Raluka";"0";NULL
"3330085";"Q7458122";"nm6045332";"0";"";"Sevyn Streeter";"0";NULL
"3358915";"Q21403211";"nm0261113";"0";"";"Fred Esplana";"0";NULL
"3365305";"Q138718473";"nm10518620";"3365305";"";"Valter Karotti";"1";NULL
"3367978";"Q112516302";"nm7956960";"3367978";"";"Tom Nguyen";"0";NULL
"3387734";"Q3296194";"nm0422786";"3387734";"";"Mary Jiménez Freeman-Morris";"0";NULL
"3393083";"Q20740797";"nm10160149";"3393083";"";"Armand Duplantis";"0";NULL
"3406574";"Q4274698";"nm3150448";"0";"";"Yuliya Maiboroda";"0";NULL
"3412153";"Q12044208";"nm2867226";"4312663";"";"Pavel Plch";"0";"4312663"
"3417016";"Q123339929";"nm3424604";"0";"";"Rimjhim Gupta";"0";NULL
"3428788";"Q138781108";"nm12650064";"3428788";"";"Nailea Devora";"0";NULL
"3432126";"Q138946279";"nm0423981";"3432126";"";"Karl Johansson";"0";NULL
"3481801";"Q84968132";"nm6651872";"0";"";"Brittany Bennett";"0";NULL
"3562545";"Q124729012";"nm7388572";"0";"";"Kyle Gordon";"0";NULL
"3566948";"Q20039145";"nm8595541";"3566948";"";"Haruka Omi";"1";NULL
"3569305";"Q138816892";"nm1012441";"0";"";"Jan Vreeken";"0";NULL
"3582444";"Q65095886";"nm11220323";"3582444";"";"Tomoka Takase";"1";NULL
"3584008";"Q22130299";"nm11247720";"3584008";"";"Reno Aihara";"1";NULL
"3584182";"Q62601413";"nm8857117";"3584182";"";"Mika Sumire";"1";NULL
"3584418";"Q38277544";"nm8710129";"3584418";"";"Yume Ichihara";"1";NULL
"3611518";"Q58420273";"nm8500155";"3611518";"";"Eri Tokushima";"1";NULL
"3613730";"Q28692221";"nm9012422";"3613730";"";"Mizuki Kurumi";"1";NULL
"3617283";"Q11605834";"nm4816103";"3617283";"";"Shinobu Hosokawa";"1";NULL
"3635191";"Q66828434";"nm12107304";"3635191";"";"Honoka Takigawa";"0";NULL
"3635399";"Q115959930";"nm13684475";"0";"";"Brooklyn Toulson";"0";NULL
"3637665";"Q686620";"nm9917149";"0";"";"Rúrik Gíslason";"0";NULL
"3638895";"Q136496999";"nm12589420";"3638895";"";"Laura Ramoso";"0";NULL
"3645347";"Q108682162";"nm13857147";"3645347";"";"Riho Takahashi";"1";NULL
"3654044";"Q16264838";"nm10243653";"3654044";"";"Hitomi Ohashi";"1";NULL
"3655301";"Q57888043";"nm10596077";"3655301";"";"Asa Ikumari";"1";NULL
"3655303";"Q54292293";"nm10596076";"3655303";"";"Kubo Kyouko";"1";NULL
"3656291";"Q28689446";"nm9109777";"3656291";"";"Rika Mizuhara";"1";NULL
"3658514";"Q20040956";"nm7691087";"3658514";"";"Koko Seko";"1";NULL
"3673110";"Q138416828";"nm7299940";"3673110";"";"Count Tibor Kálnoky";"0";NULL
"3673322";"Q138573115";"nm13866109";"3673322";"";"Jake Apton";"1";NULL
"3693328";"Q113704408";"nm11596327";"0";"";"Hugo Souza";"0";NULL
"3698343";"Q121033000";"nm13252834";"0";"";"Devanandha";"0";NULL
"3704391";"Q22125649";"nm8029509";"3704391";"";"Riri Nakayama";"1";NULL
"3705823";"Q11619975";"nm8017901";"3705823";"";"Anna Natsuki";"1";NULL
"3712655";"Q132657638";"nm11478988";"3712655";"";"Tomáš Richard Brenton";"0";NULL
"3713775";"Q11358563";"nm9257743";"3713775";"";"Honami Uehara";"1";NULL
"3716839";"Q11616738";"nm3332080";"3716839";"";"Hina Wakaba";"1";NULL
"3725625";"Q11540768";"nm8664511";"3725625";"";"Hikaru Shiina";"1";NULL
"3729395";"Q116978789";"nm13536380";"3729395";"";"Ameena Green";"1";NULL
"3730745";"Q17221232";"nm6899329";"3730745";"";"Mei Hayama";"1";NULL
"3740127";"Q72805514";"nm0749391";"3740127";"";"Walter Ruge";"0";NULL
"3742534";"Q126946334";"nm10387860";"3742534";"";"Siri Forberg";"0";NULL
"3747704";"Q123042927";"nm13674212";"0";"";"Léon Bataille";"0";NULL
"3749513";"Q138336470";"nm13856350";"3749513";"";"Hot Pearl";"1";NULL
"3756947";"Q130316298";"nm10916931";"3756947";"";"Elle Chapman";"0";NULL
"3762613";"Q104077862";"nm9596799";"0";"";"Chelsea Townsend";"0";NULL
"3769863";"Q138047701";"nm14300727";"3769863";"";"George Chen";"0";NULL
"3771593";"Q11583213";"nm10503635";"3771593";"";"Anna Maki";"1";NULL
"3776641";"Q1453";"nm4678998";"0";"";"Alexandra Stan";"0";NULL
"3818544";"Q119997711";"nm0771175";"0";"";"Georg Scheu";"1";NULL
"3831817";"Q108893640";"nm11016343";"3831817";"";"Mckeidy Lisita";"0";NULL
"3851374";"Q130615242";"nm11783781";"0";"";"Raman Irman";"0";NULL
"3862081";"Q123110884";"nm3199428";"0";"";"María del Rosario";"0";NULL
"3874264";"Q115656033";"nm8988628";"0";"";"Tom Sielemann";"0";NULL
"3885456";"Q117193882";"nm12772812";"0";"";"Tuan Ryu Jin";"0";NULL
"3885993";"Q103820495";"nm14274609";"3885993";"";"Jun Harumi";"1";NULL
"3886757";"Q22125448";"nm9163447";"3886757";"";"Ayako Kirishima";"1";NULL
"3923647";"Q11453549";"nm7015826";"3923647";"";"Reia Miyasaka";"1";NULL
"3925856";"Q16016482";"nm1885403";"1320795";"";"Magnús Blöndal Jóhannsson";"0";"1320795"
"3968731";"Q138710256";"nm1005266";"3968731";"";"Drew Thompson";"0";NULL
"3984172";"Q1676327";"nm2153663";"0";"";"J. Geils";"0";NULL
"3999540";"Q3337419";"nm8760371";"0";"";"Naima El Jani";"0";NULL
"4009961";"Q95473271";"nm14151958";"4009961";"";"Genny Ciatti";"0";NULL
"4011533";"Q7684917";"nm8719290";"4011533";"";"Taqi Nazeer";"0";NULL
"4033549";"Q4661837";"nm2485463";"0";"";"Aaron Benward";"0";NULL
"4054768";"Q9694372";"nm1212612";"0";"";"Canisso";"0";NULL
"4076562";"Q138772746";"nm15620016";"0";"";"Matt Moyer";"0";NULL
"4104239";"Q138785504";"nm5066269";"0";"";"Andrew Ward";"0";NULL
"4105965";"Q375308";"nm7254840";"4000203";"";"Jason Moran";"0";"4000203"
"4144816";"Q106227829";"nm8660899";"4144816";"";"Om Kanojiya";"0";NULL
"4157563";"Q120052201";"nm15003927";"4157563";"";"Punyapat Wangpongsathaporn";"0";NULL
"4169965";"Q138952668";"nm12630313";"0";"";"Zheng Xi Yong";"0";NULL
"4170556";"Q133895126";"nm10554752";"4170556";"";"שירה יוסף";"0";NULL
"4204665";"Q123162355";"nm14472258";"0";"";"Jessica Zhou";"0";NULL
"4218018";"Q111828543";"nm8387300";"4218018";"";"Lorie Wallick";"0";"2947385"
"4224660";"Q11685192";"nm3330021";"4224660";"";"Aleksandra Kobielak";"0";NULL
"4250846";"Q138936426";"nm6863554";"0";"";"Hans Kristian Õis";"0";NULL
"4274170";"Q138754378";"nm14182038";"0";"";"Santiago Madrussan";"0";NULL
"4282969";"Q107426885";"nm12659407";"0";"";"Uditi Singh";"0";NULL
"4314666";"Q15116228";"nm0218477";"0";"";"Yelena Demidova";"0";NULL
"4347143";"Q123537505";"nm13005457";"0";"";"Ellie MacDowall";"0";NULL
"4351898";"Q355094";"nm1844137";"0";"";"Jamie Stewart";"0";NULL
"4361319";"Q115056992";"nm9637577";"0";"";"Heidi Switch";"1";NULL
"4361913";"Q131745455";"nm14465781";"0";"";"Maisie Ayres";"0";NULL
"4416590";"Q6779779";"nm10003753";"0";"";"Mary Hodder";"0";NULL
"4450584";"Q120963093";"nm15811648";"0";"";"Justýna Zedníková";"0";NULL
"4461493";"Q5211051";"nm13336789";"138403";"";"Daljeet Kaur Khangura";"0";NULL
"4467862";"Q56152092";"nm0526046";"0";"";"Lina María Luna";"0";NULL
"4470093";"Q136148250";"nm10487522";"4470093";"";"Volodymyr Kravchuk";"0";NULL
"4472791";"Q138802880";"nm10893037";"0";"";"Nick Skonberg";"0";NULL
"4527276";"Q138966067";"nm1300047";"0";"";"Gabriela Irimia";"0";NULL
"4576291";"Q106802768";"nm10072172";"0";"";"Ellie Harwood";"0";NULL
"4576300";"Q106689302";"nm5842157";"0";"";"Adam King";"0";NULL
"4576301";"Q106689311";"nm3290082";"0";"";"Alan Morrison";"0";NULL
"4608440";"Q24799862";"nm5207499";"0";"";"Alex Regnery";"0";NULL
"4611683";"Q138793820";"nm17578296";"0";"";"Youssef Wahby";"0";NULL
"4621457";"Q4572636";"nm2478482";"0";"";"Joe King";"0";NULL
"4669789";"Q5181256";"nm0600203";"0";"";"Craig Montoya";"0";NULL
"4669790";"Q5605523";"nm0252423";"0";"";"Greg Eklund";"0";NULL
"4708007";"Q138540782";"nm14525554";"0";"";"Alpha Diallo";"0";NULL
"4735832";"Q138911724";"nm12578663";"4735832";"";"Alex Dietrich";"0";NULL
"4738945";"Q138776691";"nm0262427";"4738945";"";"Monika Delacre";"1";NULL
"4754347";"Q29033346";"nm3661762";"0";"";"D Double E";"0";NULL
"4770860";"Q11518170";"nm1439056";"4770860";"";"Akiko Kinouchi";"0";NULL
"4785001";"Q85994658";"nm13854811";"0";"";"Methawi Thiralikun";"0";NULL
"4824051";"Q118219947";"nm12276167";"0";"";"Gary Stevenson";"0";NULL
"4825727";"Q13560312";"nm4365145";"0";"";"Jessica Rush";"0";NULL
"4851962";"Q1148071";"nm14884596";"1832332";"";"Juraj Hartík";"0";"1832332"
"4869538";"Q19919319";"nm4079612";"0";"";"Ahnyjah Black";"1";NULL
"4882961";"Q111240870";"nm3200841";"0";"";"Matt Williams";"0";NULL
"4883920";"Q136031858";"nm15507130";"4883920";"";"Lucy Mendez";"1";NULL
"4913808";"Q108761978";"nm13392554";"0";"";"Yeat";"0";NULL
"4925209";"Q138862182";"nm16498399";"0";"";"Winston Sawyers";"0";NULL
"4954504";"Q67019082";"nm9815618";"0";"";"Jerry Lee";"0";NULL
"4974568";"Q5364664";"nm16099288";"0";"";"Elle Kennedy";"0";NULL
"5002803";"Q138661304";"nm14179390";"0";"";"Funky Town";"1";NULL
"5024725";"Q132176034";"nm7738955";"5024725";"";"Magdalena Tkačíková";"0";NULL
"5044257";"Q138873961";"nm1745412";"5044257";"";"Andreas Rausch";"0";NULL
"5067215";"Q10376187";"nm0604189";"0";"";"Sérgio Moreno";"0";NULL
"5142726";"Q130165880";"nm16232500";"5142726";"";"Isimbi Yvonne";"1";"4373030"
"5150966";"Q27074156";"nm4431243";"0";"";"Jeroen Oerlemans";"0";NULL
"5167307";"Q22087352";"nm7363020";"0";"";"Anil Seth";"0";NULL
"5184181";"Q4498716";"nm0994341";"0";"";"Geno Khojava";"0";NULL
"5197978";"Q138790856";"nm14970091";"5197978";"";"Kavya Anil";"0";NULL
"5218450";"Q133806801";"nm14347687";"0";"";"Faten Saeed";"0";NULL
"5258844";"Q115275241";"nm17036545";"0";"";"Rex Diamantopoulos";"0";NULL
"5303479";"Q96622070";"nm7718054";"5303479";"";"Robert Smolík";"0";"2360919"
"5368884";"Q17299986";"nm5396707";"0";"";"True O'Brien";"0";NULL
"5474846";"Q577301";"nm1089297";"0";"";"Denny Carmassi";"0";NULL
"5481346";"Q138856704";"nm1404506";"5481346";"";"Victoria Osborn";"0";NULL
"5482452";"Q138778319";"nm16960211";"5482452";"";"Julia James";"1";NULL
"5512554";"Q9189393";"nm1388729";"0";"";"Cao Wenxuan";"0";NULL
"5548592";"Q3811888";"nm5755901";"0";"";"Rodolfo Abrantes";"0";NULL
"5580450";"Q130319364";"nm16372162";"5580450";"";"Dakota Doll";"1";NULL
"5583939";"Q138912339";"nm2164743";"5583939";"";"Lena Franks";"1";NULL
"5598110";"Q88385607";"nm10085322";"0";"";"Daniel Vegas";"0";NULL
"5643743";"Q23901069";"nm0271433";"0";"";"Christoph Feller";"0";NULL
"5669766";"Q3165960";"nm2601111";"1171339";"";"Nazriya Nazim";"0";"1171339"
"5686452";"Q136361548";"nm17681922";"5686452";"";"Aung Thu Ra Phyo";"0";NULL
"5697287";"Q138419115";"nm17719267";"0";"";"Takaya Matsutani";"0";NULL
"5702559";"Q766229";"nm0566793";"0";"";"Paul McCoy";"0";NULL
"5731740";"Q52829907";"nm2456262";"5731740";"";"Bram Kwekkeboom";"0";NULL
"5742335";"Q135917764";"nm11535284";"0";"";"Tristan Harland";"0";NULL
"5742336";"Q135917770";"nm11535283";"0";"";"Gabriel Harland";"0";NULL
"5933461";"Q95263015";"nm3450120";"0";"";"Jacques Kieffer";"0";NULL
"6028163";"Q104833873";"nm12138231";"0";"";"Ludwig Ahgren";"0";NULL
"6047668";"Q317169";"nm4218576";"0";"";"Edward Maya";"0";NULL
"6057740";"Q91310596";"nm4234402";"6057740";"";"Tessa Roseboom";"0";NULL
"6062068";"Q15431086";"nm1656460";"0";"";"William Knoedelseder";"0";NULL
"6066355";"Q4761172";"nm9855166";"0";"";"Andy Piercy";"0";NULL
"6067953";"Q2143593";"nm2514755";"6067953";"";"Renato Casaro";"0";NULL
"6068071";"Q60693296";"nm10818461";"0";"";"Franco126";"0";NULL
"6070581";"Q16215537";"nm3815077";"6070581";"";"Laurie Santos";"0";NULL
"6070900";"Q113126882";"nm2215690";"0";"";"Sarah Jones";"0";NULL
"6071224";"Q63237571";"nm7141192";"6071224";"";"Jennie Pegouskie";"0";NULL
"6071292";"Q263582";"nm4218800";"6071292";"";"Vika Jigulina";"0";NULL
"6073279";"Q11683974";"nm2923257";"6073279";"";"A.J. Calloway";"0";NULL
"6073362";"Q6914327";"nm6153369";"6073362";"";"Mort Crim";"0";NULL
"6080773";"Q19520533";"nm9551725";"6080773";"";"Megan Keller";"0";NULL
"6081391";"Q134715683";"nm6045021";"6081391";"";"Lesley Crewe";"0";NULL
"6081885";"Q107790090";"nm7682138";"0";"";"Luke Lafreniere";"0";NULL
"6084798";"Q16337492";"nm1212098";"0";"";"Fred Castro";"0";NULL
"6085377";"Q107447459";"nm12393999";"6085377";"";"Maria Valdobreva";"0";NULL
"6086465";"Q55632557";"nm2323001";"2035942";"";"Sarah Cooper";"0";"2035942"
"6086496";"Q6206566";"nm0944369";"6086496";"";"Joaquín Xaudaró y Echau";"0";NULL
"6087377";"Q73504339";"nm0951140";"6087377";"";"Ricardo Yust García";"0";NULL
"6089176";"Q9018010";"nm4600043";"6089176";"";"Ouyang Changlin";"0";NULL
"6089739";"Q192667";"nm0635342";"6089739";"";"Manuel Antonio Noriega";"0";NULL
"6095981";"Q457525";"nm2869308";"6095981";"";"Tiffany Arbuckle Lee";"0";NULL
"6096812";"Q5889902";"nm1016091";"6096812";"";"Gustavo Sánchez";"0";NULL
"6099640";"Q138435320";"nm17348191";"0";"";"Jagger Amor";"0";NULL
"6099702";"Q28869645";"nm0951453";"0";"";"David A. Zaboski";"0";NULL
"6101384";"Q118109391";"nm5954636";"5322204";"";"Sergey A.";"0";NULL
"6101593";"Q18191513";"nm11532763";"6101593";"";"Yoni Gera";"0";NULL
"6101957";"Q131286085";"nm16730508";"6101957";"";"Omguru";"0";NULL
"6102731";"Q136526053";"nm17647194";"6102731";"";"Khozhin Azad";"0";NULL
"6103923";"Q138791846";"nm18313789";"6103923";"";"Tharaka Wasalamudaliarachchi";"0";NULL
"6105054";"Q23542803";"nm3110944";"0";"";"Ryan Wolfson";"0";NULL
"6106954";"Q19276667";"nm5630589";"6106954";"";"Danny Klein";"0";NULL
"6110109";"Q18669533";"nm7603444";"6110109";"";"Luffy Huang";"0";NULL
"6112590";"Q11464464";"nm3368232";"6112590";"";"Ren Takanashi";"0";NULL
"6115789";"Q137943024";"nm17817565";"6115789";"";"Rosa Josefin";"1";NULL
"6119761";"Q1213066";"nm1432126";"6119761";"";"Károly Mészáros";"0";NULL
"6119850";"Q124595641";"nm4906628";"6119850";"";"Botond Csillag";"0";NULL
"6122640";"Q107547779";"nm3782907";"6122640";"";"Sarah Petrick";"0";NULL
"6125327";"Q138709543";"nm12865752";"0";"";"Eraam Faridi";"0";NULL
"6127293";"Q236727";"nm1109249";"0";"";"Elizabeth George";"0";NULL
